question,answer,time
넘어졌는데 무릎에 피가나요,"넘어진 후 무릎에서 피가 난다면, 피부가 찰과상을 입었을 가능성이 높습니다. 이는 피부의 가장 바깥층인 표피가 손상되어 피가 나오는 것으로, 대부분 경미한 부상에 해당됩니다. 

처음 할 일은 상처 부위를 깨끗이 씻어내는 것입니다. 깨끗한 물로 상처를 조심스럽게 헹구고, 가능하다면 비누를 사용하여 주변 부위를 살짝 닦아내세요. 그 후, 소독액(예: 요오드 또는 알코올)을 사용하여 상처를 소독할 수 있습니다. 소독액 사용이 불가능하다면, 깨끗한 물로 추가적인 세척을 하세요.

상처가 깨끗해진 후, 멸균 거즈나 밴드를 사용하여 가볍게 덮어주세요. 이는 상처가 더러워지는 것을 방지하고, 상처 치유 과정에서 보호하는 역할을 합니다. 상처가 크거나 깊은 경우, 출혈이 멈추지 않거나 감염의 징후(붉어짐, 붓기, 열감, 고름 등)가 보인다면 의료 전문가의 도움을 받아야 합니다.

대부분의 찰과상은 적절한 처치를 통해 잘 치유됩니다. 상처 부위를 깨끗하게 유지하고, 필요 시 밴드를 교체하여 추가적인 감염을 방지하세요. 상처가 치유되",2024-06-30 09:08:37
배가 아파요,"배가 아프다고 하셨군요. 불편함을 느끼시는 정확한 위치와 통증의 성격(예: 찌르는 듯한, 둔통, 쥐어짜는 듯한 등)을 조금 더 구체적으로 알려주실 수 있나요? 그리고 통증이 시작된 시점, 지속 시간, 통증 외에 동반된 다른 증상들(예: 발열, 구토, 설사, 소화 불량 등)이 있는지도 중요합니다.

배의 어느 부위에 통증이 있는지에 따라 원인이 달라질 수 있습니다. 예를 들어, 상복부 통증은 위염이나 췌장염 같은 질환과 관련이 있을 수 있고, 하복부 통증은 장염, 요로 감염, 여성의 경우 생리통 등과 관련이 있을 수 있습니다. 통증이 전반적으로 나타나고 발열, 구토, 설사 등이 동반된다면 감염성 질환의 가능성도 고려해야 합니다.

이러한 증상들은 매우 다양한 원인에서 비롯될 수 있으므로, 정확한 진단을 위해서는 직접 병원을 방문하여 의사의 진찰을 받는 것이 중요합니다. 의사는 필요한 경우 복부 초음파, 혈액 검사, 소변 검사 등을 포함한 다양한 검사를 시행하여 원인을 파악하고 적절한 치료를 권장할 것입니다.

현재 상태에서는 충분한 수분 섭취를",2024-06-30 09:24:43
두피가 아파요,"두피가 아프다고 느끼시는군요. 두피 통증은 여러 가지 이유로 발생할 수 있습니다. 먼저, 두피를 자세히 살펴보고 통증의 성격을 파악할 필요가 있겠습니다. 두피 통증은 종종 긴장성 두통, 피부 질환, 모발의 긴장(예: 머리를 너무 세게 묶는 경우), 또는 감염과 같은 다양한 요인에 의해 발생할 수 있습니다.

- 긴장성 두통: 두피, 목, 어깨 근육의 긴장으로 인해 두피가 아플 수 있습니다.
- 피부 질환: 건선, 아토피 피부염, 지루성 피부염과 같은 피부 질환이 두피에 영향을 줄 수 있으며, 이로 인해 두피가 가렵고, 붉어지며, 통증을 유발할 수 있습니다.
- 모발의 긴장: 머리를 너무 세게 묶거나 오랜 시간 동안 같은 스타일로 유지하는 것은 두피에 압력을 가하고 통증을 일으킬 수 있습니다.
- 감염: 미생물에 의한 감염, 예를 들어 곰팡이 감염은 두피에 염증과 통증을 유발할 수 있습니다.

두피 통증의 정확한 원인을 파악하기 위해서는",2024-06-30 09:24:47
비 오는 날에 무릎이 아파요,"비 오는 날에 무릎 통증을 느낀다면, 이는 날씨 변화가 관절 통증에 영향을 줄 수 있다는 일부 사람들의 경험과 일치합니다. 기압의 변화, 특히 낮아지는 기압은 관절 내의 압력 차이를 증가시켜 기존에 있는 관절 문제나 염증을 더욱 느끼게 할 수 있습니다. 비 오는 날 무릎이 아픈 것은 관절염, 특히 골관절염이 있는 사람들에게서 흔히 보고되는 증상 중 하나입니다.

골관절염은 관절의 연골이 마모되는 질환으로, 연골이 닳으면 뼈와 뼈가 직접 마찰하게 되어 통증, 부기, 움직임 제한 등을 유발할 수 있습니다. 날씨가 추워지고 습해지면 이러한 증상이 악화될 수 있습니다.

물론, 무릎 통증의 원인은 다양하며 골관절염 외에도 류마티스 관절염, 힘줄염, 연골 손상, 반월상 연골 손상 등 여러 가지가 있을 수 있습니다. 따라서 정확한 진단을 위해서는 의료 전문가의 진찰이 필요합니다. 진찰 과정에서 의사는 환자의 증상과 의료력을 청취하고, 필요한 경우 X-레이, MRI 등의 영상 진단이나 혈액 검",2024-06-30 09:42:52
몸에 열이 나는 거 같아요,"증상에 대해 말씀해주셔서 감사합니다. 몸에 열이 나는 것은 다양한 원인으로 인해 발생할 수 있습니다. 열이 나는 것은 보통 감염의 징후로, 바이러스성 또는 세균성 감염 때문에 발생할 수 있습니다. 그 외에도 염증 반응, 일부 자가면역 질환, 열사병, 약물 반응 등 다양한 원인이 있을 수 있습니다.

증상만으로 정확한 진단을 내리기는 어렵습니다만, 다음과 같은 추가 정보가 필요합니다:
- 열이 얼마나 오래 지속되었나요?
- 체온이 얼마나 됩니까?
- 열과 함께 다른 증상이 동반되나요? 예를 들어, 기침, 인후통, 콧물, 관절통, 두통, 피부 발진 등이 있나요?
- 최근에 새로운 약을 복용하기 시작했나요?
- 최근에 여행을 다녀온 곳이 있나요?
- 기존에 알려진 건강 상태가 있나요?

이러한 정보는 원인을 좁혀가는 데 도움이 될 것입니다. 일반적으로, 경미한 감기나 바이러스성 질환의 경우는 휴식, 충분한 수분 섭취, 그리고 필요한 경우 해열제 사용으로 관리할 수 있습니다. 하지만 열이 높거나(예: 38.5°C(101.3°F) 이상), 오래 지속되거나, 심각한 증상이 동반되는 경우에는 의료 전문가의 진찰이 필요합니다.

현재 상태가 악화되거나 염려되는 증상이 있다면, 가까운 의료 기관을 방문하시거나 의료 전문가와 상의하시는 것이 좋겠습니다. 건강 상태를 정확히 평가하고 적절한 치료를 받으시는 것이 중요합니다.",2024-06-30 10:21:37
발바닥이 아픔,"발바닥이 아프다고 호소할 경우, 여러 원인을 고려해 볼 수 있습니다. 가장 먼저 생각해볼 수 있는 질환은 '족저근막염'입니다. 족저근막염은 발바닥에 있는 족저근막이라는 조직이 염증을 일으켜 통증이 발생하는 상태입니다. 특히 아침에 첫 발을 디딜 때 통증이 심하게 느껴지는 것이 특징입니다. 장시간 서 있거나 걷는 활동에 의해 악화될 수 있습니다.

다른 가능성으로는 '발바닥 굳은살' 또는 '발가락 변형'으로 인한 압력 분포 이상, '모튼 신경종'이라 불리는 발 앞쪽의 신경 압박, 혹은 '무지외반증'(큰 발가락이 바깥쪽으로 휘어지는 상태)으로 인한 통증 등이 있습니다.

또한, 발에 과도한 압력이나 충격이 가해질 때 발생할 수 있는 '발바닥 뼈의 골절' 또는 '발등의 골절'도 고려해볼 수 있습니다. 노화, 비만, 또는 잘못된 신발 착용 등이 원인이 될 수 있으며, 이러한 요인들은 발바닥 통증을 유발하거나 악화시킬 수 있습니다.

정확한 진단을 위해서는 의사의 진찰이 필요합니다. 통증의 정확한 위치, 통증이 발생하는 시간과 상황, 그리고 어떤 활동을 할 때 통증이 악화되는지 등의 정보가 중요합니다. 필요에 따라 X-ray, MRI 등의 이미징 검사나, 특정 조건을 확인하기 위한 다른 검사들이 진행될 수 있습니다.

치료는 원인에 따라 달라집니다. 족저근막염인 경우, 적절한 휴식, 냉찜질, 스트레칭, 교정 신발이나 깔창 사용 등의 비수술적 치료가 도움이 될 수 있습니다. 심한 경우에는 물리치료나 스테로이드 주사, 충격파 치료 등이 고려될 수 있습니다. 다른 원인에 의한 경우에도 마찬가지로 원인에 맞는 치료 계획이 수립되어야 합니다.

중요한 것은 적절한 진",2024-06-30 10:22:17
치아 안에 신경이 죽은듯 합니다,"신경이 죽은 듯한 느낌을 받는다면, 이는 치수(치아의 신경과 혈관이 있는 부분)의 염증이나 손상이 있을 가능성을 시사합니다. 이 상태는 일반적으로 치수염 또는 '무균성 괴사'라고 불리는 상태로 발전할 수 있습니다.

치수염은 치아에 깊은 우식증(충치), 균열, 또는 충격으로 인해 발생할 수 있습니다. 이러한 상황은 치아 내부로 세균이 침입하여 신경과 혈관 조직을 감염시키고, 결국 신경이 죽는 결과를 초래할 수 있습니다. 신경이 죽으면 통증이 일시적으로 줄어들 수 있지만, 이것은 문제가 해결된 것이 아니며 추가적인 치료 없이는 감염이 더 심각해질 수 있습니다.

신경이 죽은 치아의 치료 방법으로는 일반적으로 루트 캐널 치료(근관 치료)가 있습니다. 이 치료는 감염된 치수를 제거하고, 치아 내부를 청소하며, 치아를 다시 채우고 보호하기 위해 시행됩니다. 때로는 치아를 보존하기 위해 더 복잡한 절차가 필요할 수도 있습니다.

치료를 하지 않고 방치할 경우, 감염은 주변 조직으로 퍼져 더 심각한 구강 건강 문제를 일으킬 수 있으며, 이는 치아 상실을 포함한 더 심각한 결과를 초래할 수 있습니다.

신경이 죽은 치아의 증상으로는 치아 통증, 민감성, 색 변화, 붓기, 그리고 치아 주변 조직의 염증이나 농양 형성 등이 있을 수 있습니다. 만약 이러한 증상이 나타난다면, 가능한 빨리 치과 의사의 진료를 받아 정확한 진단과 적절한 치료를 받는 것이 중요합니다.",2024-06-30 10:22:25
2주간 기침을 계속하고 콧물도 많이 나와요. 어떻게 할까요?,"지속되는 기침과 콧물은 여러 가지 이유로 발생할 수 있습니다. 이러한 증상은 흔히 감기나 상기도 감염으로 인해 발생할 수 있으며, 경우에 따라서는 알레르기 반응이나 부비동염(축농증), 심지어는 천식과 같은 호흡기 질환의 초기 증상일 수도 있습니다.

2주 이상 지속되는 기침과 콧물이 있다면, 몇 가지 조치를 취할 수 있습니다.

1. **충분한 휴식**을 취하고, **수분 섭취**를 늘리세요. 이는 증상 완화에 도움이 될 수 있습니다.
   
2. **습도 조절**: 건조한 환경은 기침을 악화시킬 수 있으므로, 가습기를 사용하여 실내 습도를 조절하는 것이 좋습니다.

3. **알레르기 반응**: 알레르기가 원인일 수 있으므로, 알레르기 유발 요인으로부터 멀리하는 것이 중요합니다. 알레르기 반응을 줄이기 위해 공기 청정기를 사용하거나, 알레르기 전용 필터를 사용하는 것도 도움이 될 수 있습니다.

4. **의약품 사용**: 증상에 따라, 일반 감기약, 알레르기약(항히스타민제), 비강 스프레이 등을 사용할 수 있으나, 사용하기 전 전문가의 조언을 구하는 것이 좋습니다.

5. **영양 관리**: 비타민 C, D와 같은 영양소가 풍부한 식사를 섭취하는 것이 중요합니다. 이는 면역 체계를 강화시키는 데 도움이 될 수 있습니다.

2주가 넘도록 증상이 개선되지 않거나, 발열, 호흡곤란, 가슴 통증 등의 심각한 증상이 동반되는 경우, 반드시 의료 전문가에게 상담을 받아 정확한 진단과 적절한 치료를 받으시기 바랍니다. 전문가의 진료를 통해 필요한 경우 추가 검사나 치료를 받을 수 있습니다.",2024-06-30 10:23:56
머리가 아파요,"머리가 아플 때 그 원인은 다양할 수 있습니다. 당신의 증상을 자세히 알려주시면 더 정확한 진단을 할 수 있겠지만, 일반적으로 두통은 긴장형 두통, 두통을 동반한 편두통, 군발두통 등 여러 종류가 있습니다. 

- 긴장형 두통은 보통 양쪽에서 압박감이나 조이는 듯한 통증을 느끼게 되며, 일상적인 활동에 지장을 주지는 않습니다.

- 편두통은 한쪽 머리에 통증이 집중되며, 때로는 구역감, 구토, 빛이나 소리에 대한 과민 반응을 동반할 수 있습니다.

- 군발두통은 매우 심한 통증을 유발하며, 한쪽 눈 주위에서 시작하여 그 영역에 국한되는 경향이 있습니다. 통증은 일반적으로 몇 주에서 몇 달 동안 지속되는 주기를 가지고, 그 사이에는 통증이 없는 기간이 있습니다.

또한, 머리가 아픈 것은 탈수, 수면 부족, 스트레스, 특정 음식이나 음료의 섭취, 시력 문제 등 다양한 요인에 의해 발생할 수 있습니다. 심각한 경우, 두통은 뇌종양, 뇌출혈, 뇌염, 또는 뇌막염과 같은 중대한 건강 문제의 신호일 수도 있으니, 통증이 심하거나 평소와 다르게 느껴지면 의료 전문가의 진료를 받는 것이 중요합니다.

집에서 할 수 있는 일반적인 두통 관리 방법으로는 충분한 수면을 취하고, 탈수를 방지하기 위해 물을 많이 마시고, 스트레스를 줄이는 것이 있습니다. 하지만 두통이 지속되거나 더 심해진다면, 전문가의 도움을 받아 정확한 원인을 파악하고 적절한 치료를 받는 것이 좋습니다.",2024-06-30 10:28:25
스트림릿을 활용한 데이터 시각화 기능도 보고 싶어요,"스트림릿(Streamlit)을 활용한 데이터 시각화 기능에 대해 알고 싶으시군요. 스트림릿은 파이썬을 이용하여 데이터 애플리케이션을 신속하게 만들 수 있는 오픈 소스 라이브러리입니다. 데이터 시각화는 데이터 분석 및 탐색 과정에서 매우 중요한 부분이며, 스트림릿을 사용하면 복잡한 데이터 시각화도 간단하게 구현할 수 있습니다.

스트림릿을 활용한 기본적인 데이터 시각화를 위해서는 먼저 스트림릿을 설치해야 합니다. 파이썬이 설치된 환경에서 다음 명령어를 사용하여 스트림릿을 설치할 수 있습니다:

```
pip install streamlit
```

스트림릿을 이용해 데이터 시각화를 구현하는 기본적인 방법은 다음과 같습니다:

1. **데이터 로드**: 데이터를 로드하기 위해 Pandas 등의 라이브러리를 사용할 수 있습니다.

2. **스트림릿 애플리케이션 작성**: 스트림릿을 사용하여 애플리케이션을 작성합니다. 이때 `import streamlit as st`를 사용하여 스트림릿 라이브러리를 불러옵니다.

3. **데이터 시각화**: 스트림릿은 Matplotlib, Plotly, Altair 등 여러 시각화 라이브러리와 호환됩니다. 이러한 라이브러리를 사용하여 데이터를 시각화한 후, `st.write()` 함수를 사용하여 애플리케이션에 시각화 결과를 표시할 수 있습니다.

예를 들어, Pandas로 데이터 프레임을 로드하고, Matplotlib을 사용하여 그래프를 만든 다음, 스트림릿으로 해당 그래프를 웹 애플리케이션에 표시하는 간단한 코드는 다음과 같습니다:

```python
import streamlit as st
import pandas as pd
import matplotlib.pyplot as plt

# 데이터 로드
data = pd.read_csv('your_data.csv')

# 간단한 데이터 시각화
fig, ax = plt.subplots()
ax.hist(data['your_column'])

# 스트림릿을 통해 그래프 표시
st.pyplot(fig)
```

이 외에도 스트림릿은 `st.line_chart()`, `st.bar_chart()`, `st.area_chart()` 등 다양한 내장 차트 기능을 제공하여, 복잡한 시각화 라이브러리 없이도 기본적인 데이터 시각화를 손쉽게 할 수 있습니다.

스트림릿을 활용하면 데이터 시각화뿐만 아니라 데이터 필터링, 사용자 입력 처리 등 다양한 인터랙티브 기",2024-06-30 10:42:27
2주간 기침을 계속하고 콧물도 많이 나와요. 어떻게 할까요?,"지속적인 기침과 다량의 콧물이 있는 경우, 몇 가지 가능한 원인을 고려해볼 수 있습니다. 이러한 증상은 감기, 알레르기, 급성 기관지염, 심지어 초기 단계의 폐렴과 같은 다양한 상태를 반영할 수 있습니다.

먼저, 감기는 일반적으로 바이러스 감염으로 인해 발생하며, 콧물, 기침, 재채기, 목 아픔, 가벼운 발열 등의 증상을 동반할 수 있습니다. 대부분의 경우, 증상은 자가 관리와 충분한 휴식, 수분 섭취로 개선될 수 있습니다.

알레르기의 경우, 환경적 요인(예: 꽃가루, 먼지 진드기, 애완동물의 비듬)에 대한 반응으로 기침과 콧물이 발생할 수 있습니다. 이 경우, 항히스타민제 또는 다른 알레르기 치료제가 도움이 될 수 있습니다.

급성 기관지염은 기관지의 염증으로, 바이러스 감염이 가장 흔한 원인입니다. 기침, 콧물, 가슴의 불편함 등이 특징적인 증상입니다. 대부분의 경우, 이 상태는 자가 치유되지만, 때로는 추가적인 치료가 필요할 수 있습니다.

폐렴은 폐의 감염으로, 중증의 기침, 발열, 오한, 호흡곤란 등을 유발할 수 있습니다. 폐렴은 의료적 평가와 치료가 필요한 보다 심각한 상태입니다.

이러한 증상이 2주 이상 지속되는 경우, 정확한 진단과 적절한 치료를 위해 의료 전문가와 상담하는 것이 중요합니다. 의사는 증상의 원인을 파악하기 위해 신체 검사, 필요한 경우 혈액 검사나 흉부 X-레이와 같은 추가 진단 검사를 실시할 수 있습니다.

집에서는 충분한 휴식을 취하고, 많은 양의 수분을 섭취하며, 건강한 식단을 유지하는 것이 좋습니다. 또한, 가습기를 사용하거나 따뜻한 샤워를 하는 것도 증상 완화에 도움이 될 수 있습니다. 하지만 이러한 자가 관리 방법이 증상 개선에 효과적이지 않거나 증상이 악화",2024-06-30 14:48:14
